{
    "Application1":{
        "user_name":"aaaa",
        "application_name":"smart_irrigation",
        "services":{
            "service1":{
                "service_name":"firealarmservice",
                "filename":"firealarmservice.py", 
                "sensors": {
                    "sensor4": {
                        "sensor_id" : 4,
                        "sensor_type" : "smoke_detector",
                        "sensor_data_type" : "float",
                        "output_frequency" : 0.5,
                        "lower_bound" : 0,
                        "upper_bound" : 100
                    },
                    "sensor5": {
                        "sensor_id" : 5,
                        "sensor_type" : "teperature",
                        "sensor_data_type" : "float",
                        "output_frequency" : 0.5,
                        "lower_bound" : 0,
                        "upper_bound" : 100
                    }
                }
            },
            "service2":{
                "service_name":"irrigateservice",
                "filename":"irrigateservice.py",
                "sensors" : {
                    "sensor1": {
                        "sensor_id" : 1,
                        "sensor_type" : "soil_moisture",
                        "sensor_data_type" : "float",
                        "output_frequency" : 1,
                        "lower_bound" : 0,
                        "upper_bound" : 100
                    },
                    "sensor2": {
                        "sensor_id" : 2,
                        "sensor_type" : "soil_moisture",
                        "sensor_data_type" : "float",
                        "output_frequency" : 2,
                        "lower_bound" : -50,
                        "upper_bound" : 50
                    }
                }
            },
            "service3":{
                "service_name":"heat_temp_control_service",
                "filename":"heat_temp_control_service.py",
                "sensors": {
                    "sensor3": {
                        "sensor_id" : 3,
                        "sensor_type" : "temperature",
                        "sensor_data_type" : "float",
                        "output_frequency" : 0.5,
                        "lower_bound" : 0,
                        "upper_bound" : 100
                    }
                }
            }
        }
    }
}
