{"user_id": "shreyaIas20", "sensor_catalogue_config": {"sensor_name": "temp_sensor4", "sensor_type_data_type": "int", "sensor_geolocation": {"lat": "None", "long": "None"}, "sensor_address": {"area": "None", "building": "None", "floor": "None", "room_no": "None"}, "sensor_data_storage_details": {"kafka": {"broker_ip": "None", "topic": "None"}, "mongo_db": {"ip": "None", "port": "None", "passwd": "None", "document_name": "None"}}, "sensor_api": "None", "has_controller": "yes", "place_id": "None"}}