{
    "myapp" : {
        "user_id" : "",
        "application_name" : "",
        "algorithms" : {
            "algorithm1" : {
                "isScheduled" : true,
                "schedule" : {
                    "time" : {
                        "startTimes" : ["", ""],
                        "durations" : ["",  ""]
                    },
                    "days" : ["Thursday", "lorem ipsum"]
                },
                "action" : {
                    "user_display" : "lorem ipsum",
                    "sensor_manager" : [{"sensor_id1" : "lorem ipsum"}],
                    "notify_user" : {}
                },
                "sensors": {	
                    "sensor1" : {
                        "latitude" : "1234",
                        "longitude" : "1234"
                    }, 
                    "sensor2" : {
                        "latitude" : "12",
                        "longitude" : "122"
                    }
                }
            },
            "algorithm2" : {
                "isScheduled" : false,
                "schedule" : {
                    "time" : {
                        "startTimes" : ["13:15:20"],
                        "durations" : ["00:00:08"]
                    },
                    "days" : ["Monday", "Thursday", "Friday", "Saturday", "Sunday"]
                },
                "action" : {},
                "sensors" : {}
            }
        }
    }
}